lock_day,locked_users,touch_mean,ttl_days_mean,daily_locked_users,seed_ratio
2024-01-01,227,2.0881057268722465,14.753303964757709,219,1.0365296803652968
2024-01-02,56,1.6607142857142858,6.392857142857143,55,1.018181818181818
2024-01-03,73,1.1643835616438356,11.36986301369863,69,1.0579710144927537
2024-01-04,68,1.1911764705882353,6.279411764705882,69,0.9855072463768116
2024-01-05,53,1.490566037735849,2.5283018867924527,57,0.9298245614035088
2024-01-06,129,1.372093023255814,9.131782945736434,130,0.9923076923076923
2024-01-07,130,1.3692307692307693,12.215384615384615,131,0.9923664122137404
2024-01-08,83,1.4216867469879517,12.987951807228916,88,0.9431818181818182
2024-01-09,76,1.3157894736842106,4.881578947368421,78,0.9743589743589743
2024-01-10,74,1.2567567567567568,8.445945945945946,74,1.0
2024-01-11,67,1.492537313432836,8.567164179104477,67,1.0
2024-01-12,66,1.4393939393939394,10.030303030303031,68,0.9705882352941176
2024-01-13,174,1.2183908045977012,12.120689655172415,176,0.9886363636363636
2024-01-14,153,1.4705882352941178,9.098039215686274,157,0.9745222929936306
2024-01-15,73,1.3424657534246576,24.328767123287673,73,1.0
2024-01-16,84,1.2857142857142858,7.785714285714286,85,0.9882352941176471
2024-01-17,68,1.1911764705882353,5.544117647058823,91,0.7472527472527473
2024-01-18,61,1.3442622950819672,10.819672131147541,63,0.9682539682539683
2024-01-19,58,1.4482758620689655,10.5,66,0.8787878787878788
2024-01-20,128,1.203125,7.6640625,131,0.9770992366412213
2024-01-21,152,1.3223684210526316,5.197368421052632,153,0.9934640522875817
2024-01-22,79,1.1265822784810127,7.936708860759493,83,0.9518072289156626
2024-01-23,57,1.2456140350877194,4.87719298245614,58,0.9827586206896551
2024-01-24,65,1.2615384615384615,13.323076923076924,68,0.9558823529411765
2024-01-25,56,1.9107142857142858,14.696428571428571,56,1.0
2024-01-26,63,1.3968253968253967,11.158730158730158,66,0.9545454545454546
2024-01-27,117,1.205128205128205,7.888888888888889,120,0.975
2024-01-28,119,1.2773109243697478,10.016806722689076,121,0.9834710743801653
2024-01-29,94,1.2553191489361701,11.829787234042554,100,0.94
2024-01-30,70,1.2857142857142858,6.171428571428572,71,0.9859154929577465
2024-01-31,78,1.358974358974359,7.0256410256410255,81,0.9629629629629629
2024-02-01,80,1.25,14.0,80,1.0
2024-02-02,64,1.109375,9.984375,65,0.9846153846153847
2024-02-03,131,1.2900763358778626,7.236641221374046,138,0.9492753623188406
2024-02-04,95,1.2421052631578948,12.273684210526316,97,0.979381443298969
2024-02-05,143,1.3496503496503496,13.706293706293707,144,0.9930555555555556
2024-02-06,35,1.6571428571428573,17.514285714285716,37,0.9459459459459459
2024-02-07,36,2.638888888888889,15.0,36,1.0
2024-02-08,49,2.142857142857143,19.428571428571427,54,0.9074074074074074
2024-02-09,1,1.0,0.0,1,1.0
2024-02-10,0,,,0,
2024-02-11,10,1.5,3.6,10,1.0
2024-02-12,6,1.1666666666666667,2.0,6,1.0
2024-02-13,5,1.8,76.4,5,1.0
2024-02-14,15,1.3333333333333333,1.2666666666666666,15,1.0
2024-02-15,16,1.8125,8.4375,16,1.0
2024-02-16,24,1.5416666666666667,22.25,24,1.0
2024-02-17,31,1.032258064516129,19.096774193548388,32,0.96875
2024-02-18,38,1.2894736842105263,6.2105263157894735,41,0.926829268292683
2024-02-19,36,1.3333333333333333,4.194444444444445,37,0.972972972972973
2024-02-20,35,1.4857142857142858,3.6857142857142855,36,0.9722222222222222
2024-02-21,28,1.5714285714285714,18.357142857142858,34,0.8235294117647058
2024-02-22,31,1.096774193548387,7.0,33,0.9393939393939394
2024-02-23,22,1.3636363636363635,15.318181818181818,23,0.9565217391304348
2024-02-24,51,1.1764705882352942,16.19607843137255,56,0.9107142857142857
2024-02-25,68,1.3676470588235294,19.397058823529413,69,0.9855072463768116
2024-02-26,35,1.457142857142857,36.22857142857143,35,1.0
2024-02-27,33,1.6666666666666667,25.87878787878788,38,0.868421052631579
2024-02-28,32,1.3125,9.25,33,0.9696969696969697
2024-02-29,36,1.8333333333333333,33.138888888888886,39,0.9230769230769231
2024-03-01,28,1.9642857142857142,5.642857142857143,31,0.9032258064516129
2024-03-02,62,1.467741935483871,11.258064516129032,70,0.8857142857142857
2024-03-03,62,1.5,20.64516129032258,69,0.8985507246376812
2024-03-04,35,1.6571428571428573,8.857142857142858,40,0.875
2024-03-05,41,1.2926829268292683,10.170731707317072,43,0.9534883720930233
2024-03-06,35,1.457142857142857,8.8,36,0.9722222222222222
2024-03-07,38,1.6578947368421053,12.578947368421053,41,0.926829268292683
2024-03-08,45,1.4222222222222223,19.77777777777778,52,0.8653846153846154
2024-03-09,89,1.404494382022472,10.775280898876405,91,0.978021978021978
2024-03-10,81,1.271604938271605,15.592592592592593,85,0.9529411764705882
2024-03-11,43,1.302325581395349,5.953488372093023,48,0.8958333333333334
2024-03-12,39,1.4102564102564104,11.538461538461538,41,0.9512195121951219
2024-03-13,41,1.5365853658536586,10.585365853658537,42,0.9761904761904762
2024-03-14,35,1.3428571428571427,2.5142857142857142,37,0.9459459459459459
2024-03-15,42,1.880952380952381,5.142857142857143,62,0.6774193548387096
2024-03-16,107,1.439252336448598,11.934579439252337,116,0.9224137931034483
2024-03-17,106,1.330188679245283,10.075471698113208,116,0.9137931034482759
2024-03-18,56,1.5357142857142858,14.410714285714286,61,0.9180327868852459
2024-03-19,48,1.1875,10.75,54,0.8888888888888888
2024-03-20,53,1.3962264150943395,8.358490566037736,56,0.9464285714285714
2024-03-21,48,1.2291666666666667,14.0,57,0.8421052631578947
2024-03-22,46,1.391304347826087,13.695652173913043,48,0.9583333333333334
2024-03-23,117,1.5213675213675213,11.837606837606838,124,0.9435483870967742
2024-03-24,132,1.1818181818181819,17.25,141,0.9361702127659575
2024-03-25,64,1.453125,5.671875,70,0.9142857142857143
2024-03-26,57,1.368421052631579,8.596491228070175,64,0.890625
2024-03-27,58,1.4310344827586208,4.724137931034483,62,0.9354838709677419
2024-03-28,49,1.3877551020408163,10.73469387755102,51,0.9607843137254902
2024-03-29,60,1.4833333333333334,8.916666666666666,66,0.9090909090909091
2024-03-30,123,1.170731707317073,10.34959349593496,135,0.9111111111111111
2024-03-31,146,1.4931506849315068,14.438356164383562,144,1.0138888888888888
2024-04-01,65,1.7384615384615385,9.338461538461539,71,0.9154929577464789
2024-04-02,46,1.608695652173913,8.304347826086957,62,0.7419354838709677
2024-04-03,36,2.1666666666666665,9.944444444444445,41,0.8780487804878049
2024-04-04,64,1.25,7.03125,69,0.927536231884058
2024-04-05,59,1.152542372881356,14.067796610169491,60,0.9833333333333333
2024-04-06,87,1.3448275862068966,11.241379310344827,89,0.9775280898876404
2024-04-07,59,1.576271186440678,21.033898305084747,62,0.9516129032258065
2024-04-08,83,1.9759036144578312,47.325301204819276,88,0.9431818181818182
2024-04-09,70,1.5285714285714285,12.585714285714285,78,0.8974358974358975
2024-04-10,94,1.872340425531915,22.45744680851064,98,0.9591836734693877
2024-04-11,77,1.6883116883116882,19.025974025974026,80,0.9625
2024-04-12,67,1.462686567164179,10.164179104477611,72,0.9305555555555556
2024-04-13,136,1.3529411764705883,13.154411764705882,139,0.9784172661870504
2024-04-14,162,1.228395061728395,14.981481481481481,163,0.9938650306748467
2024-04-15,97,1.3917525773195876,14.144329896907216,99,0.9797979797979798
2024-04-16,63,1.873015873015873,6.333333333333333,71,0.8873239436619719
2024-04-17,70,1.7142857142857142,9.628571428571428,77,0.9090909090909091
2024-04-18,43,1.4186046511627908,10.790697674418604,46,0.9347826086956522
2024-04-19,55,1.3636363636363635,14.309090909090909,56,0.9821428571428571
2024-04-20,109,1.2293577981651376,5.18348623853211,111,0.9819819819819819
2024-04-21,108,1.2592592592592593,10.666666666666666,110,0.9818181818181818
2024-04-22,82,1.524390243902439,8.292682926829269,88,0.9318181818181818
2024-04-23,58,1.5689655172413792,16.03448275862069,60,0.9666666666666667
2024-04-24,60,1.45,15.883333333333333,63,0.9523809523809523
2024-04-25,47,1.6170212765957446,12.553191489361701,52,0.9038461538461539
2024-04-26,48,1.3125,10.0,53,0.9056603773584906
2024-04-27,138,1.2826086956521738,14.282608695652174,150,0.92
2024-04-28,154,1.474025974025974,10.896103896103897,169,0.9112426035502958
2024-04-29,75,1.3866666666666667,5.32,83,0.9036144578313253
2024-04-30,72,1.5416666666666667,22.375,78,0.9230769230769231
2024-05-01,189,1.306878306878307,11.73015873015873,200,0.945
2024-05-02,174,1.2413793103448276,10.442528735632184,175,0.9942857142857143
2024-05-03,168,1.3214285714285714,14.69047619047619,172,0.9767441860465116
2024-05-04,189,1.306878306878307,11.195767195767196,192,0.984375
2024-05-05,205,1.2390243902439024,10.273170731707317,209,0.9808612440191388
2024-05-06,88,1.9318181818181819,18.045454545454547,96,0.9166666666666666
2024-05-07,73,1.6712328767123288,26.136986301369863,78,0.9358974358974359
2024-05-08,66,1.8636363636363635,10.227272727272727,71,0.9295774647887324
2024-05-09,85,1.4941176470588236,16.03529411764706,89,0.9550561797752809
2024-05-10,83,1.4578313253012047,10.674698795180722,94,0.8829787234042553
2024-05-11,91,1.4615384615384615,23.318681318681318,95,0.9578947368421052
2024-05-12,158,1.4873417721518987,14.126582278481013,161,0.9813664596273292
2024-05-13,875,1.4057142857142857,28.00914285714286,900,0.9722222222222222
2024-05-14,694,1.3818443804034581,24.194524495677232,713,0.9733520336605891
2024-05-15,321,1.4049844236760125,21.753894080996886,330,0.9727272727272728
2024-05-16,205,1.4780487804878049,26.507317073170732,207,0.9903381642512077
2024-05-17,168,1.5,21.74404761904762,178,0.9438202247191011
2024-05-18,367,1.318801089918256,25.667574931880107,368,0.9972826086956522
2024-05-19,386,1.3626943005181347,22.54922279792746,398,0.9698492462311558
2024-05-20,228,1.3903508771929824,26.43859649122807,239,0.9539748953974896
2024-05-21,156,1.3846153846153846,14.557692307692308,161,0.968944099378882
2024-05-22,159,1.559748427672956,17.58490566037736,162,0.9814814814814815
2024-05-23,111,1.5405405405405406,20.91891891891892,118,0.940677966101695
2024-05-24,151,1.3112582781456954,13.543046357615895,158,0.9556962025316456
2024-05-25,300,1.2866666666666666,21.536666666666665,308,0.974025974025974
2024-05-26,345,1.2608695652173914,14.173913043478262,350,0.9857142857142858
2024-05-27,169,1.3668639053254439,22.40828402366864,177,0.9548022598870056
2024-05-28,147,1.401360544217687,18.312925170068027,151,0.9735099337748344
2024-05-29,119,1.403361344537815,15.22689075630252,126,0.9444444444444444
2024-05-30,104,1.3846153846153846,11.778846153846153,107,0.9719626168224299
2024-05-31,107,1.4205607476635513,19.990654205607477,111,0.963963963963964
2024-06-01,266,1.4022556390977443,16.36466165413534,276,0.9637681159420289
2024-06-02,289,1.3217993079584776,17.570934256055363,298,0.9697986577181208
2024-06-03,153,1.2941176470588236,11.830065359477125,163,0.9386503067484663
2024-06-04,214,1.3691588785046729,19.126168224299064,223,0.9596412556053812
2024-06-05,162,1.3395061728395061,10.882716049382717,166,0.9759036144578314
2024-06-06,135,1.3111111111111111,12.037037037037036,143,0.9440559440559441
2024-06-07,169,1.4082840236686391,15.721893491124261,172,0.9825581395348837
2024-06-08,429,1.3706293706293706,21.96969696969697,434,0.988479262672811
2024-06-09,432,1.3587962962962963,16.247685185185187,440,0.9818181818181818
2024-06-10,454,1.3061674008810573,12.691629955947137,465,0.9763440860215054
2024-06-11,267,1.3333333333333333,15.99250936329588,276,0.967391304347826
2024-06-12,273,1.4761904761904763,21.326007326007325,281,0.9715302491103203
2024-06-13,291,1.3230240549828178,19.29553264604811,299,0.9732441471571907
2024-06-14,354,1.4039548022598871,20.2909604519774,361,0.9806094182825484
2024-06-15,1017,1.3726647000983285,18.820058997050147,1039,0.9788257940327237
2024-06-16,233,1.592274678111588,17.51502145922747,236,0.9872881355932204
2024-06-17,152,1.736842105263158,13.835526315789474,157,0.9681528662420382
2024-06-18,113,1.6902654867256637,21.76991150442478,120,0.9416666666666667
2024-06-19,113,2.0088495575221237,26.831858407079647,119,0.9495798319327731
2024-06-20,109,2.293577981651376,25.807339449541285,122,0.8934426229508197
2024-06-21,93,2.075268817204301,34.03225806451613,103,0.9029126213592233
2024-06-22,285,2.192982456140351,33.89824561403509,304,0.9375
2024-06-23,457,2.010940919037199,37.26039387308534,502,0.9103585657370518
2024-06-24,128,2.03125,25.9765625,142,0.9014084507042254
2024-06-25,83,1.2891566265060241,4.72289156626506,89,0.9325842696629213
2024-06-26,79,1.3417721518987342,12.240506329113924,86,0.9186046511627907
2024-06-27,75,1.2666666666666666,7.1066666666666665,78,0.9615384615384616
2024-06-28,62,1.2903225806451613,3.564516129032258,67,0.9253731343283582
2024-06-29,144,1.2916666666666667,3.75,150,0.96
2024-06-30,203,1.3349753694581281,4.4926108374384235,209,0.9712918660287081
2024-07-01,138,1.4057971014492754,13.528985507246377,146,0.9452054794520548
2024-07-02,101,1.3762376237623761,11.475247524752476,105,0.9619047619047619
2024-07-03,99,1.6161616161616161,13.141414141414142,101,0.9801980198019802
2024-07-04,94,1.3936170212765957,12.51063829787234,97,0.9690721649484536
2024-07-05,102,1.4313725490196079,8.009803921568627,106,0.9622641509433962
2024-07-06,183,1.2677595628415301,5.453551912568306,192,0.953125
2024-07-07,215,1.4651162790697674,8.088372093023256,223,0.9641255605381166
2024-07-08,138,1.4275362318840579,8.079710144927537,140,0.9857142857142858
2024-07-09,109,1.8440366972477065,4.513761467889908,114,0.956140350877193
2024-07-10,126,1.6904761904761905,3.4047619047619047,131,0.9618320610687023
2024-07-11,110,1.3818181818181818,4.945454545454545,116,0.9482758620689655
2024-07-12,105,1.438095238095238,4.866666666666666,114,0.9210526315789473
2024-07-13,285,1.3929824561403508,11.385964912280702,301,0.946843853820598
2024-07-14,295,1.4508474576271186,7.277966101694915,301,0.9800664451827242
2024-07-15,147,1.2993197278911566,8.666666666666666,154,0.9545454545454546
2024-07-16,126,1.3650793650793651,13.412698412698413,131,0.9618320610687023
2024-07-17,143,1.4545454545454546,9.608391608391608,143,1.0
2024-07-18,130,1.4384615384615385,8.884615384615385,141,0.9219858156028369
2024-07-19,135,1.4,7.770370370370371,138,0.9782608695652174
2024-07-20,347,1.3976945244956773,6.123919308357348,358,0.9692737430167597
2024-07-21,380,1.4552631578947368,6.639473684210526,387,0.9819121447028424
2024-07-22,172,1.4011627906976745,8.19186046511628,180,0.9555555555555556
2024-07-23,168,1.5535714285714286,7.869047619047619,174,0.9655172413793104
2024-07-24,162,1.3703703703703705,11.006172839506172,171,0.9473684210526315
2024-07-25,143,1.3076923076923077,7.615384615384615,148,0.9662162162162162
2024-07-26,150,1.4866666666666666,16.88,154,0.974025974025974
2024-07-27,294,1.3605442176870748,5.6020408163265305,295,0.9966101694915255
2024-07-28,382,1.356020942408377,6.0811518324607325,388,0.9845360824742269
2024-07-29,226,1.3761061946902655,7.721238938053097,229,0.9868995633187773
2024-07-30,212,1.419811320754717,7.023584905660377,219,0.9680365296803652
2024-07-31,276,1.5942028985507246,8.76086956521739,279,0.989247311827957
2024-08-01,153,1.5490196078431373,6.163398692810458,159,0.9622641509433962
2024-08-02,103,1.4757281553398058,21.62135922330097,105,0.9809523809523809
2024-08-03,224,1.3660714285714286,5.924107142857143,225,0.9955555555555555
2024-08-04,249,1.3253012048192772,10.887550200803213,255,0.9764705882352941
2024-08-05,140,1.4642857142857142,8.592857142857143,150,0.9333333333333333
2024-08-06,169,1.4733727810650887,7.668639053254438,173,0.976878612716763
2024-08-07,146,1.3972602739726028,8.91095890410959,149,0.9798657718120806
2024-08-08,144,1.5972222222222223,8.70138888888889,148,0.972972972972973
2024-08-09,127,1.6929133858267718,17.055118110236222,136,0.9338235294117647
2024-08-10,287,1.2682926829268293,3.937282229965157,292,0.9828767123287672
2024-08-11,287,1.372822299651568,12.268292682926829,293,0.9795221843003413
2024-08-12,138,1.3985507246376812,10.572463768115941,142,0.971830985915493
2024-08-13,121,1.2479338842975207,15.165289256198347,129,0.937984496124031
2024-08-14,114,1.4035087719298245,8.728070175438596,123,0.926829268292683
2024-08-15,133,1.4736842105263157,17.398496240601503,142,0.9366197183098591
2024-08-16,108,1.7685185185185186,18.63888888888889,118,0.9152542372881356
2024-08-17,221,1.3212669683257918,8.828054298642535,225,0.9822222222222222
2024-08-18,271,1.5092250922509225,10.217712177121772,278,0.9748201438848921
2024-08-19,126,1.4365079365079365,7.2063492063492065,130,0.9692307692307692
2024-08-20,124,1.3548387096774193,10.14516129032258,131,0.9465648854961832
2024-08-21,137,1.6423357664233578,8.16058394160584,145,0.9448275862068966
2024-08-22,146,1.6164383561643836,6.7465753424657535,156,0.9358974358974359
2024-08-23,120,1.6166666666666667,19.925,123,0.975609756097561
2024-08-24,247,1.4291497975708503,7.48582995951417,248,0.9959677419354839
2024-08-25,269,1.3271375464684014,5.104089219330855,274,0.9817518248175182
2024-08-26,167,1.2574850299401197,4.904191616766467,173,0.9653179190751445
2024-08-27,159,1.5408805031446542,9.0,168,0.9464285714285714
2024-08-28,154,1.4415584415584415,10.493506493506494,159,0.9685534591194969
2024-08-29,145,1.5724137931034483,10.427586206896551,151,0.9602649006622517
2024-08-30,183,1.5081967213114753,11.142076502732241,217,0.8433179723502304
2024-08-31,577,1.6655112651646446,11.901213171577123,639,0.9029733959311425
2024-09-01,126,1.4682539682539681,13.38888888888889,132,0.9545454545454546
2024-09-02,57,1.280701754385965,25.70175438596491,63,0.9047619047619048
2024-09-03,56,1.7857142857142858,6.75,62,0.9032258064516129
2024-09-04,60,1.2,19.2,63,0.9523809523809523
2024-09-05,54,1.6296296296296295,5.37037037037037,55,0.9818181818181818
2024-09-06,61,1.6557377049180328,17.901639344262296,67,0.9104477611940298
2024-09-07,99,1.4848484848484849,5.91919191919192,102,0.9705882352941176
2024-09-08,119,1.403361344537815,10.84873949579832,122,0.9754098360655737
2024-09-09,74,1.6756756756756757,14.743243243243244,85,0.8705882352941177
2024-09-10,48,1.75,27.041666666666668,48,1.0
2024-09-11,55,1.6363636363636365,28.70909090909091,58,0.9482758620689655
2024-09-12,82,1.7317073170731707,4.0,95,0.8631578947368421
2024-09-13,55,1.6545454545454545,12.163636363636364,64,0.859375
2024-09-14,82,1.524390243902439,5.987804878048781,96,0.8541666666666666
2024-09-15,126,1.507936507936508,6.222222222222222,132,0.9545454545454546
2024-09-16,113,1.5575221238938053,6.097345132743363,117,0.9658119658119658
2024-09-17,137,1.4014598540145986,10.781021897810218,140,0.9785714285714285
2024-09-18,52,1.9423076923076923,19.865384615384617,60,0.8666666666666667
2024-09-19,55,1.3272727272727274,5.945454545454545,62,0.8870967741935484
2024-09-20,54,2.0555555555555554,25.14814814814815,61,0.8852459016393442
2024-09-21,88,1.3977272727272727,6.0,92,0.9565217391304348
2024-09-22,98,1.6428571428571428,11.173469387755102,103,0.9514563106796117
2024-09-23,71,1.6338028169014085,3.464788732394366,77,0.922077922077922
2024-09-24,57,1.719298245614035,11.017543859649123,61,0.9344262295081968
2024-09-25,39,1.5128205128205128,12.538461538461538,40,0.975
2024-09-26,1809,1.4477611940298507,34.31011608623549,1900,0.9521052631578948
2024-09-27,676,1.551775147928994,26.559171597633135,724,0.9337016574585635
2024-09-28,762,1.5249343832020998,30.62992125984252,806,0.9454094292803971
2024-09-29,400,1.69,32.175,429,0.9324009324009324
2024-09-30,341,1.8387096774193548,27.44281524926686,364,0.9368131868131868
2024-10-01,592,1.6486486486486487,33.170608108108105,632,0.9367088607594937
2024-10-02,470,1.6297872340425532,26.882978723404257,485,0.9690721649484536
2024-10-03,470,1.6936170212765957,25.108510638297872,488,0.9631147540983607
2024-10-04,411,1.802919708029197,28.54501216545012,427,0.9625292740046838
2024-10-05,508,1.6377952755905512,34.55511811023622,530,0.9584905660377359
2024-10-06,616,1.5811688311688312,25.823051948051948,639,0.9640062597809077
2024-10-07,959,1.6006256517205422,26.069864442127216,998,0.9609218436873748
2024-10-08,748,1.7767379679144386,35.25401069518717,777,0.9626769626769627
2024-10-09,85,2.152941176470588,29.929411764705883,97,0.8762886597938144
2024-10-10,85,2.1058823529411765,38.32941176470588,91,0.9340659340659341
2024-10-11,141,1.950354609929078,29.177304964539008,153,0.9215686274509803
2024-10-12,116,1.6551724137931034,23.04310344827586,160,0.725
2024-10-13,221,2.004524886877828,23.95475113122172,255,0.8666666666666667
2024-10-14,97,1.8350515463917525,19.432989690721648,128,0.7578125
2024-10-15,119,2.0252100840336134,33.890756302521005,146,0.815068493150685
2024-10-16,123,2.1463414634146343,34.8130081300813,146,0.8424657534246576
2024-10-17,115,2.3391304347826085,26.026086956521738,131,0.8778625954198473
2024-10-18,92,1.8804347826086956,32.891304347826086,101,0.9108910891089109
2024-10-19,343,2.087463556851312,33.66472303206997,375,0.9146666666666666
2024-10-20,532,2.543233082706767,43.91541353383459,565,0.9415929203539823
2024-10-21,95,1.9894736842105263,52.51578947368421,111,0.8558558558558559
2024-10-22,114,1.8771929824561404,23.614035087719298,122,0.9344262295081968
2024-10-23,123,1.7967479674796747,21.260162601626018,133,0.924812030075188
2024-10-24,102,1.8235294117647058,27.99019607843137,117,0.8717948717948718
2024-10-25,94,1.6914893617021276,22.98936170212766,98,0.9591836734693877
2024-10-26,261,1.5708812260536398,22.582375478927204,272,0.9595588235294118
2024-10-27,307,1.6188925081433225,21.003257328990227,321,0.956386292834891
2024-10-28,161,1.5776397515527951,14.273291925465838,170,0.9470588235294117
2024-10-29,179,1.8212290502793296,18.547486033519554,187,0.9572192513368984
2024-10-30,200,1.45,16.835,206,0.970873786407767
2024-10-31,324,1.7407407407407407,22.87037037037037,338,0.9585798816568047
2024-11-01,83,1.6024096385542168,6.819277108433735,95,0.8736842105263158
2024-11-02,149,1.5503355704697988,32.946308724832214,159,0.9371069182389937
2024-11-03,222,1.6036036036036037,8.26126126126126,232,0.9568965517241379
2024-11-04,118,1.61864406779661,19.703389830508474,126,0.9365079365079365
2024-11-05,121,1.5702479338842976,12.75206611570248,131,0.9236641221374046
2024-11-06,118,2.0,16.11864406779661,130,0.9076923076923077
2024-11-07,130,1.9230769230769231,14.192307692307692,138,0.9420289855072463
2024-11-08,148,1.635135135135135,12.932432432432432,165,0.896969696969697
2024-11-09,368,1.4673913043478262,10.986413043478262,379,0.9709762532981531
2024-11-10,465,1.5118279569892472,10.511827956989247,482,0.9647302904564315
2024-11-11,238,1.504201680672269,15.466386554621849,262,0.9083969465648855
2024-11-12,161,1.4906832298136645,13.496894409937887,177,0.9096045197740112
2024-11-13,163,1.4723926380368098,10.98159509202454,183,0.8907103825136612
2024-11-14,154,1.603896103896104,16.116883116883116,178,0.8651685393258427
2024-11-15,118,1.5593220338983051,25.940677966101696,131,0.9007633587786259
2024-11-16,333,1.4144144144144144,11.177177177177176,355,0.9380281690140845
2024-11-17,464,1.6163793103448276,11.280172413793103,489,0.9488752556237219
2024-11-18,182,1.7087912087912087,15.543956043956044,205,0.8878048780487805
2024-11-19,150,1.8333333333333333,12.853333333333333,157,0.9554140127388535
2024-11-20,170,1.7411764705882353,7.223529411764706,181,0.9392265193370166
2024-11-21,141,1.7943262411347518,9.333333333333334,162,0.8703703703703703
2024-11-22,141,1.6950354609929077,10.177304964539006,155,0.9096774193548387
2024-11-23,339,1.359882005899705,14.002949852507374,353,0.9603399433427762
2024-11-24,456,1.388157894736842,10.021929824561404,471,0.9681528662420382
2024-11-25,138,1.7681159420289856,13.91304347826087,149,0.9261744966442953
2024-11-26,117,1.5897435897435896,7.358974358974359,128,0.9140625
2024-11-27,132,1.7121212121212122,17.363636363636363,144,0.9166666666666666
2024-11-28,136,1.786764705882353,12.323529411764707,142,0.9577464788732394
2024-11-29,164,1.646341463414634,14.890243902439025,170,0.9647058823529412
2024-11-30,407,1.6044226044226044,12.076167076167076,416,0.9783653846153846
2024-12-01,279,1.5627240143369177,14.763440860215054,297,0.9393939393939394
2024-12-02,166,1.5602409638554218,10.632530120481928,186,0.8924731182795699
2024-12-03,180,1.6888888888888889,12.627777777777778,191,0.9424083769633508
2024-12-04,208,1.5625,18.495192307692307,222,0.9369369369369369
2024-12-05,191,1.5183246073298429,13.832460732984293,204,0.9362745098039216
2024-12-06,172,1.6104651162790697,13.755813953488373,181,0.9502762430939227
2024-12-07,400,1.355,9.88,420,0.9523809523809523
2024-12-08,482,1.3817427385892116,12.319502074688797,500,0.964
2024-12-09,248,1.4233870967741935,13.19758064516129,259,0.9575289575289575
2024-12-10,212,1.4575471698113207,8.50943396226415,219,0.9680365296803652
2024-12-11,225,1.4622222222222223,9.346666666666666,237,0.9493670886075949
2024-12-12,223,1.5964125560538116,8.807174887892376,235,0.948936170212766
2024-12-13,168,1.4702380952380953,10.339285714285714,184,0.9130434782608695
2024-12-14,410,1.3634146341463416,7.85609756097561,423,0.9692671394799054
2024-12-15,424,1.3891509433962264,10.908018867924529,432,0.9814814814814815
2024-12-16,223,1.493273542600897,8.125560538116591,231,0.9653679653679653
2024-12-17,166,1.5662650602409638,9.421686746987952,175,0.9485714285714286
2024-12-18,192,1.4635416666666667,10.1875,201,0.9552238805970149
2024-12-19,186,1.5698924731182795,12.801075268817204,193,0.9637305699481865
2024-12-20,146,1.5684931506849316,9.849315068493151,158,0.9240506329113924
2024-12-21,266,1.5526315789473684,11.612781954887218,275,0.9672727272727273
2024-12-22,313,1.5271565495207668,13.428115015974441,323,0.9690402476780186
2024-12-23,140,1.35,9.285714285714286,150,0.9333333333333333
2024-12-24,136,1.463235294117647,9.316176470588236,143,0.951048951048951
2024-12-25,129,1.697674418604651,9.86046511627907,139,0.9280575539568345
2024-12-26,134,1.6194029850746268,8.350746268656716,140,0.9571428571428572
2024-12-27,104,1.8846153846153846,4.855769230769231,111,0.9369369369369369
2024-12-28,164,1.6890243902439024,15.420731707317072,167,0.9820359281437125
2024-12-29,170,1.7411764705882353,9.947058823529412,177,0.96045197740113
2024-12-30,123,1.5772357723577235,13.154471544715447,134,0.917910447761194
2024-12-31,129,2.0697674418604652,9.720930232558139,133,0.9699248120300752
2025-01-01,77,1.5194805194805194,11.415584415584416,80,0.9625
2025-01-02,45,1.2666666666666666,3.888888888888889,51,0.8823529411764706
2025-01-03,61,1.7049180327868851,10.737704918032787,73,0.8356164383561644
2025-01-04,107,1.7570093457943925,6.457943925233645,113,0.9469026548672567
2025-01-05,161,1.515527950310559,11.391304347826088,167,0.9640718562874252
2025-01-06,88,1.5113636363636365,7.715909090909091,92,0.9565217391304348
2025-01-07,111,1.5045045045045045,12.891891891891891,117,0.9487179487179487
2025-01-08,85,1.3176470588235294,11.0,89,0.9550561797752809
2025-01-09,85,1.6941176470588235,9.776470588235295,89,0.9550561797752809
2025-01-10,76,1.4605263157894737,2.1842105263157894,77,0.987012987012987
2025-01-11,191,1.324607329842932,7.2408376963350785,200,0.955
2025-01-12,204,1.5,10.259803921568627,211,0.966824644549763
2025-01-13,103,1.4757281553398058,10.58252427184466,111,0.9279279279279279
2025-01-14,104,1.5096153846153846,9.14423076923077,107,0.9719626168224299
2025-01-15,100,1.53,9.44,109,0.9174311926605505
2025-01-16,105,1.8285714285714285,13.647619047619047,108,0.9722222222222222
2025-01-17,95,1.4947368421052631,9.56842105263158,98,0.9693877551020408
2025-01-18,157,1.4968152866242037,10.13375796178344,157,1.0
2025-01-19,195,1.3025641025641026,9.676923076923076,196,0.9948979591836735
2025-01-20,117,1.5811965811965811,9.05982905982906,120,0.975
2025-01-21,134,1.3955223880597014,10.014925373134329,140,0.9571428571428572
2025-01-22,107,1.644859813084112,8.261682242990654,112,0.9553571428571429
2025-01-23,101,1.5445544554455446,9.742574257425742,107,0.9439252336448598
2025-01-24,84,1.5119047619047619,8.80952380952381,86,0.9767441860465116
2025-01-25,114,1.4649122807017543,9.368421052631579,122,0.9344262295081968
2025-01-26,80,1.25,15.1,83,0.963855421686747
2025-01-27,48,1.6041666666666667,9.0,48,1.0
2025-01-28,11,1.4545454545454546,26.727272727272727,11,1.0
2025-01-29,10,2.0,12.2,10,1.0
2025-01-30,9,1.3333333333333333,3.3333333333333335,9,1.0
2025-01-31,20,1.15,13.7,19,1.0526315789473684
2025-02-01,28,1.4642857142857142,9.678571428571429,28,1.0
2025-02-02,41,1.5853658536585367,9.585365853658537,41,1.0
2025-02-03,64,1.609375,10.046875,65,0.9846153846153847
2025-02-04,64,1.28125,14.65625,66,0.9696969696969697
2025-02-05,72,1.3472222222222223,17.291666666666668,78,0.9230769230769231
2025-02-06,84,1.6666666666666667,10.785714285714286,88,0.9545454545454546
2025-02-07,81,1.4567901234567902,5.012345679012346,80,1.0125
2025-02-08,115,1.4,9.721739130434782,120,0.9583333333333334
2025-02-09,211,1.7251184834123223,12.251184834123222,213,0.9906103286384976
2025-02-10,121,1.421487603305785,6.8264462809917354,123,0.983739837398374
2025-02-11,108,1.7037037037037037,5.7407407407407405,112,0.9642857142857143
2025-02-12,105,1.5238095238095237,9.542857142857143,110,0.9545454545454546
2025-02-13,87,1.839080459770115,12.620689655172415,89,0.9775280898876404
2025-02-14,86,1.4651162790697674,25.74418604651163,92,0.9347826086956522
2025-02-15,221,1.3665158371040724,16.773755656108598,230,0.9608695652173913
2025-02-16,233,1.4592274678111588,6.07725321888412,237,0.9831223628691983
2025-02-17,103,1.6504854368932038,11.446601941747574,106,0.9716981132075472
2025-02-18,122,1.4672131147540983,6.491803278688525,126,0.9682539682539683
2025-02-19,109,1.4770642201834863,7.935779816513762,113,0.9646017699115044
2025-02-20,99,1.3333333333333333,4.565656565656566,103,0.9611650485436893
2025-02-21,90,1.7666666666666666,4.444444444444445,94,0.9574468085106383
2025-02-22,247,1.5587044534412955,13.68825910931174,257,0.9610894941634242
2025-02-23,271,1.5129151291512914,12.158671586715867,278,0.9748201438848921
2025-02-24,116,1.6293103448275863,8.301724137931034,121,0.9586776859504132
2025-02-25,121,1.3884297520661157,8.537190082644628,125,0.968
2025-02-26,152,1.4671052631578947,10.506578947368421,156,0.9743589743589743
2025-02-27,133,1.4962406015037595,12.924812030075188,148,0.8986486486486487
2025-02-28,160,1.7,9.70625,168,0.9523809523809523
2025-03-01,427,2.070257611241218,21.618266978922716,449,0.9510022271714922
2025-03-02,229,1.5982532751091703,13.397379912663755,237,0.9662447257383966
2025-03-03,124,1.5241935483870968,14.685483870967742,128,0.96875
2025-03-04,112,1.6607142857142858,6.544642857142857,121,0.9256198347107438
2025-03-05,97,1.6082474226804124,10.422680412371134,104,0.9326923076923077
2025-03-06,99,1.7676767676767677,10.292929292929292,102,0.9705882352941176
2025-03-07,92,1.608695652173913,12.130434782608695,101,0.9108910891089109
2025-03-08,315,1.5682539682539682,10.320634920634921,321,0.9813084112149533
2025-03-09,279,1.7347670250896057,9.86021505376344,284,0.9823943661971831
2025-03-10,127,1.7480314960629921,5.543307086614173,133,0.9548872180451128
2025-03-11,123,1.7317073170731707,7.682926829268292,127,0.968503937007874
2025-03-12,105,1.8095238095238095,8.295238095238096,108,0.9722222222222222
2025-03-13,107,1.794392523364486,13.018691588785046,108,0.9907407407407407
2025-03-14,99,1.8686868686868687,8.02020202020202,105,0.9428571428571428
2025-03-15,269,1.754646840148699,11.308550185873607,273,0.9853479853479854
2025-03-16,310,1.696774193548387,11.496774193548386,317,0.9779179810725552
2025-03-17,109,1.4954128440366972,11.36697247706422,113,0.9646017699115044
2025-03-18,116,1.6810344827586208,6.887931034482759,120,0.9666666666666667
2025-03-19,130,1.7230769230769232,14.953846153846154,135,0.9629629629629629
2025-03-20,126,1.6825396825396826,10.515873015873016,134,0.9402985074626866
2025-03-21,104,1.7307692307692308,11.423076923076923,107,0.9719626168224299
2025-03-22,304,1.6776315789473684,14.348684210526315,308,0.987012987012987
2025-03-23,354,1.6412429378531073,11.694915254237289,356,0.9943820224719101
2025-03-24,116,1.6982758620689655,10.53448275862069,118,0.9830508474576272
2025-03-25,109,1.6055045871559632,13.238532110091743,112,0.9732142857142857
2025-03-26,109,1.4403669724770642,4.440366972477064,113,0.9646017699115044
2025-03-27,126,1.619047619047619,14.69047619047619,129,0.9767441860465116
2025-03-28,109,1.6238532110091743,11.844036697247706,112,0.9732142857142857
2025-03-29,236,1.5635593220338984,10.940677966101696,241,0.979253112033195
2025-03-30,273,1.835164835164835,10.523809523809524,277,0.9855595667870036
2025-03-31,99,1.696969696969697,21.484848484848484,103,0.9611650485436893
2025-04-01,155,1.8193548387096774,8.825806451612904,159,0.9748427672955975
2025-04-02,82,1.6341463414634145,4.170731707317073,88,0.9318181818181818
2025-04-03,79,1.9493670886075949,10.49367088607595,83,0.9518072289156626
2025-04-04,131,1.8244274809160306,3.877862595419847,134,0.9776119402985075
2025-04-05,158,1.6645569620253164,8.341772151898734,160,0.9875
2025-04-06,234,1.8846153846153846,11.123931623931623,236,0.9915254237288136
2025-04-07,81,1.9382716049382716,11.814814814814815,84,0.9642857142857143
2025-04-08,93,1.5806451612903225,7.548387096774194,96,0.96875
2025-04-09,90,1.7555555555555555,9.977777777777778,94,0.9574468085106383
2025-04-10,102,1.6666666666666667,6.529411764705882,106,0.9622641509433962
2025-04-11,76,1.6973684210526316,4.184210526315789,79,0.9620253164556962
2025-04-12,172,1.8604651162790697,8.267441860465116,178,0.9662921348314607
2025-04-13,285,2.1649122807017545,19.901754385964914,293,0.9726962457337884
2025-04-14,101,1.8514851485148516,5.514851485148514,102,0.9901960784313726
2025-04-15,93,1.8602150537634408,12.21505376344086,95,0.9789473684210527
2025-04-16,82,1.7195121951219512,12.317073170731707,84,0.9761904761904762
2025-04-17,56,1.9464285714285714,12.982142857142858,56,1.0
2025-04-18,58,1.793103448275862,11.068965517241379,58,1.0
2025-04-19,167,1.778443113772455,15.497005988023952,168,0.9940476190476191
2025-04-20,210,1.7619047619047619,7.5,211,0.995260663507109
2025-04-21,90,1.6777777777777778,15.366666666666667,93,0.967741935483871
2025-04-22,84,2.1904761904761907,16.726190476190474,91,0.9230769230769231
2025-04-23,97,1.8453608247422681,12.144329896907216,101,0.9603960396039604
2025-04-24,104,1.9711538461538463,9.35576923076923,104,1.0
2025-04-25,76,2.039473684210526,12.092105263157896,79,0.9620253164556962
2025-04-26,209,1.6602870813397128,11.913875598086124,211,0.990521327014218
2025-04-27,137,1.5547445255474452,17.854014598540147,140,0.9785714285714285
2025-04-28,101,2.207920792079208,20.257425742574256,101,1.0
2025-04-29,123,2.0,7.959349593495935,129,0.9534883720930233
2025-04-30,127,1.8031496062992125,14.929133858267717,129,0.9844961240310077
2025-05-01,208,1.8221153846153846,13.528846153846153,213,0.9765258215962441
2025-05-02,169,1.7218934911242603,9.668639053254438,173,0.976878612716763
2025-05-03,161,1.4906832298136645,12.20496894409938,162,0.9938271604938271
2025-05-04,192,1.84375,18.166666666666668,194,0.9896907216494846
2025-05-05,404,2.2202970297029703,15.811881188118813,418,0.9665071770334929
2025-05-06,33,2.0,5.7272727272727275,37,0.8918918918918919
2025-05-07,20,3.2,32.25,24,0.8333333333333334
2025-05-08,38,2.710526315789474,14.157894736842104,38,1.0
2025-05-09,27,1.8148148148148149,19.40740740740741,29,0.9310344827586207
2025-05-10,79,1.5696202531645569,16.78481012658228,82,0.9634146341463414
2025-05-11,105,1.6,6.742857142857143,109,0.963302752293578
2025-05-12,44,2.1363636363636362,17.5,45,0.9777777777777777
2025-05-13,1346,1.8677563150074294,33.644130757800895,1407,0.9566453447050463
2025-05-14,539,1.9443413729128014,35.37291280148423,576,0.9357638888888888
2025-05-15,254,2.0708661417322833,29.9251968503937,267,0.951310861423221
2025-05-16,171,2.2514619883040936,37.16959064327485,174,0.9827586206896551
2025-05-17,368,1.875,26.355978260869566,371,0.9919137466307277
2025-05-18,393,2.203562340966921,30.31552162849873,405,0.9703703703703703
2025-05-19,154,2.4415584415584415,33.16233766233766,164,0.9390243902439024
2025-05-20,139,2.237410071942446,32.39568345323741,146,0.952054794520548
2025-05-21,94,2.4148936170212765,30.19148936170213,102,0.9215686274509803
2025-05-22,98,2.193877551020408,28.806122448979593,101,0.9702970297029703
2025-05-23,93,2.6129032258064515,28.72043010752688,95,0.9789473684210527
2025-05-24,261,1.9923371647509578,33.23371647509578,272,0.9595588235294118
2025-05-25,337,2.3620178041543025,26.851632047477747,345,0.9768115942028985
2025-05-26,132,2.234848484848485,23.803030303030305,139,0.9496402877697842
2025-05-27,117,1.8205128205128205,27.512820512820515,120,0.975
2025-05-28,103,2.533980582524272,33.58252427184466,109,0.944954128440367
2025-05-29,97,2.556701030927835,31.721649484536083,104,0.9326923076923077
2025-05-30,97,2.185567010309278,23.432989690721648,101,0.9603960396039604
2025-05-31,271,2.2583025830258303,34.11808118081181,279,0.9713261648745519
2025-06-01,271,2.5055350553505535,33.80442804428044,278,0.9748201438848921
2025-06-02,252,2.0555555555555554,31.166666666666668,266,0.9473684210526315
2025-06-03,108,2.287037037037037,26.666666666666668,111,0.972972972972973
2025-06-04,106,2.707547169811321,27.9811320754717,113,0.9380530973451328
2025-06-05,116,2.2672413793103448,33.81896551724138,123,0.943089430894309
2025-06-06,93,1.924731182795699,35.354838709677416,97,0.9587628865979382
2025-06-07,267,2.101123595505618,28.56179775280899,281,0.9501779359430605
2025-06-08,274,2.295620437956204,33.85766423357664,288,0.9513888888888888
2025-06-09,135,1.9333333333333333,22.125925925925927,137,0.9854014598540146
2025-06-10,130,2.0,16.815384615384616,135,0.9629629629629629
2025-06-11,131,2.50381679389313,26.129770992366414,139,0.9424460431654677
2025-06-12,125,2.056,35.208,132,0.946969696969697
2025-06-13,125,2.224,26.568,133,0.9398496240601504
2025-06-14,392,2.2627551020408165,33.85459183673469,406,0.9655172413793104
2025-06-15,444,1.9842342342342343,31.716216216216218,461,0.9631236442516269
2025-06-16,156,2.217948717948718,27.71794871794872,163,0.9570552147239264
2025-06-17,157,2.43312101910828,35.1656050955414,168,0.9345238095238095
2025-06-18,178,2.0842696629213484,28.5,185,0.9621621621621622
2025-06-19,126,2.3333333333333335,22.436507936507937,128,0.984375
2025-06-20,130,2.2846153846153845,29.892307692307693,133,0.9774436090225563
2025-06-21,351,2.091168091168091,26.735042735042736,359,0.9777158774373259
2025-06-22,347,2.2103746397694524,32.585014409221905,357,0.9719887955182073
2025-06-23,124,2.370967741935484,21.766129032258064,127,0.9763779527559056
2025-06-24,128,2.15625,27.2890625,134,0.9552238805970149
2025-06-25,134,2.2313432835820897,31.567164179104477,138,0.9710144927536232
2025-06-26,160,1.99375,30.09375,163,0.9815950920245399
2025-06-27,146,2.1780821917808217,27.801369863013697,151,0.9668874172185431
2025-06-28,359,2.267409470752089,36.48189415041783,370,0.9702702702702702
2025-06-29,452,2.1526548672566372,35.38274336283186,462,0.9783549783549783
2025-06-30,331,2.6314199395770395,43.16918429003021,344,0.9622093023255814
2025-07-01,131,2.4656488549618323,26.564885496183205,142,0.9225352112676056
2025-07-02,93,2.2580645161290325,31.21505376344086,100,0.93
2025-07-03,91,2.3626373626373627,16.934065934065934,99,0.9191919191919192
2025-07-04,90,2.6555555555555554,21.42222222222222,96,0.9375
2025-07-05,197,2.33502538071066,22.16243654822335,203,0.9704433497536946
2025-07-06,402,2.584577114427861,48.504975124378106,427,0.9414519906323185
2025-07-07,191,2.9162303664921465,41.397905759162306,209,0.9138755980861244
2025-07-08,99,1.9393939393939394,6.424242424242424,101,0.9801980198019802
2025-07-09,84,2.0357142857142856,4.690476190476191,86,0.9767441860465116
2025-07-10,102,2.549019607843137,6.921568627450981,108,0.9444444444444444
2025-07-11,74,2.0675675675675675,8.945945945945946,76,0.9736842105263158
2025-07-12,231,1.896103896103896,11.822510822510823,234,0.9871794871794872
2025-07-13,286,2.0594405594405596,8.56993006993007,293,0.9761092150170648
2025-07-14,118,2.3220338983050848,8.567796610169491,130,0.9076923076923077
2025-07-15,140,2.4571428571428573,14.914285714285715,144,0.9722222222222222
2025-07-16,103,2.3398058252427183,16.563106796116504,106,0.9716981132075472
2025-07-17,104,2.5865384615384617,5.894230769230769,109,0.9541284403669725
2025-07-18,61,1.6885245901639345,3.098360655737705,63,0.9682539682539683
2025-07-19,248,2.036290322580645,7.459677419354839,253,0.9802371541501976
2025-07-20,325,2.0707692307692307,10.541538461538462,328,0.9908536585365854
2025-07-21,114,1.8333333333333333,11.81578947368421,115,0.991304347826087
2025-07-22,130,2.3,7.707692307692308,138,0.9420289855072463
2025-07-23,98,2.010204081632653,9.642857142857142,102,0.9607843137254902
2025-07-24,99,2.1515151515151514,7.666666666666667,103,0.9611650485436893
2025-07-25,85,2.1176470588235294,20.529411764705884,89,0.9550561797752809
2025-07-26,256,2.0,8.75390625,264,0.9696969696969697
2025-07-27,270,2.1444444444444444,6.211111111111111,273,0.989010989010989
2025-07-28,146,2.1027397260273974,4.472602739726027,152,0.9605263157894737
2025-07-29,117,1.8888888888888888,5.051282051282051,120,0.975
2025-07-30,126,1.9682539682539681,10.166666666666666,129,0.9767441860465116
2025-07-31,128,2.2265625,6.109375,131,0.9770992366412213
2025-08-01,124,2.7903225806451615,9.46774193548387,132,0.9393939393939394
2025-08-02,208,2.1778846153846154,7.8125,222,0.9369369369369369
2025-08-03,227,1.8370044052863437,9.581497797356828,228,0.9956140350877193
2025-08-04,100,2.43,9.07,109,0.9174311926605505
2025-08-05,98,2.2142857142857144,9.642857142857142,104,0.9423076923076923
2025-08-06,103,2.679611650485437,13.563106796116505,108,0.9537037037037037
2025-08-07,75,2.4266666666666667,9.746666666666666,81,0.9259259259259259
2025-08-08,73,2.589041095890411,7.958904109589041,78,0.9358974358974359
2025-08-09,208,2.3653846153846154,9.451923076923077,212,0.9811320754716981
2025-08-10,213,2.136150234741784,6.910798122065728,223,0.9551569506726457
2025-08-11,99,2.0,9.696969696969697,105,0.9428571428571428
2025-08-12,105,2.038095238095238,10.0,111,0.9459459459459459
2025-08-13,90,2.011111111111111,7.6,93,0.967741935483871
2025-08-14,89,2.191011235955056,7.47191011235955,90,0.9888888888888889
2025-08-15,101,1.5841584158415842,7.98019801980198,105,0.9619047619047619
2025-08-16,178,2.056179775280899,11.061797752808989,182,0.978021978021978
2025-08-17,186,1.7741935483870968,7.236559139784946,188,0.9893617021276596
2025-08-18,81,2.5308641975308643,16.160493827160494,85,0.9529411764705882
2025-08-19,97,2.134020618556701,13.11340206185567,102,0.9509803921568627
2025-08-20,98,2.4183673469387754,21.846938775510203,103,0.9514563106796117
2025-08-21,58,2.4655172413793105,8.586206896551724,62,0.9354838709677419
2025-08-22,73,2.315068493150685,4.4520547945205475,76,0.9605263157894737
2025-08-23,142,1.8732394366197183,7.394366197183099,147,0.9659863945578231
2025-08-24,135,1.9185185185185185,10.28888888888889,136,0.9926470588235294
2025-08-25,71,2.295774647887324,7.985915492957746,75,0.9466666666666667
2025-08-26,85,2.235294117647059,3.364705882352941,90,0.9444444444444444
2025-08-27,63,1.9047619047619047,14.492063492063492,68,0.9264705882352942
2025-08-28,54,2.2037037037037037,6.2407407407407405,59,0.9152542372881356
2025-08-29,78,3.2051282051282053,10.974358974358974,88,0.8863636363636364
2025-08-30,129,1.8372093023255813,17.25581395348837,136,0.9485294117647058
2025-08-31,136,2.176470588235294,11.904411764705882,137,0.9927007299270073
2025-09-01,88,2.227272727272727,20.75,90,0.9777777777777777
2025-09-02,67,2.373134328358209,4.731343283582089,70,0.9571428571428572
2025-09-03,62,2.870967741935484,18.532258064516128,65,0.9538461538461539
2025-09-04,64,2.453125,12.875,64,1.0
2025-09-05,39,2.5384615384615383,14.025641025641026,45,0.8666666666666667
2025-09-06,103,2.0485436893203883,5.932038834951456,105,0.9809523809523809
2025-09-07,145,1.7655172413793103,13.26206896551724,147,0.9863945578231292
2025-09-08,67,2.0597014925373136,11.64179104477612,67,1.0
2025-09-09,72,3.2916666666666665,9.027777777777779,77,0.935064935064935
2025-09-10,5897,2.063082923520434,24.862642021366796,6015,0.9803823773898587
2025-09-11,1477,2.0995260663507107,24.71090047393365,1509,0.9787939032471835
2025-09-12,790,2.462025316455696,26.30506329113924,801,0.9862671660424469
2025-09-13,1141,2.347940403155127,28.58019281332165,1183,0.9644970414201184
2025-09-14,1268,2.552839116719243,25.082018927444796,1323,0.9584278155706727
2025-09-15,428,2.642523364485981,23.376168224299064,452,0.9469026548672567
2025-09-16,404,2.7896039603960396,25.948019801980198,430,0.9395348837209302
2025-09-17,361,2.8310249307479225,27.03601108033241,387,0.9328165374677002
2025-09-18,337,2.8991097922848663,31.06528189910979,363,0.928374655647383
2025-09-19,266,2.954887218045113,39.73684210526316,292,0.910958904109589
2025-09-20,697,2.8522238163558105,28.979913916786227,750,0.9293333333333333
2025-09-21,855,2.7754385964912283,35.72514619883041,930,0.9193548387096774
2025-09-22,375,2.7013333333333334,29.976,405,0.9259259259259259
2025-09-23,346,2.9653179190751446,30.647398843930635,391,0.8849104859335039
2025-09-24,355,2.3549295774647887,28.814084507042253,392,0.9056122448979592
2025-09-25,342,3.1403508771929824,32.514619883040936,375,0.912
2025-09-26,300,2.776666666666667,29.97,337,0.8902077151335311
2025-09-27,568,2.76056338028169,29.744718309859156,632,0.8987341772151899
2025-09-28,509,2.6954813359528487,38.70530451866405,565,0.9008849557522124
2025-09-29,275,2.92,36.30909090909091,311,0.8842443729903537
2025-09-30,226,2.52212389380531,36.14159292035398,257,0.8793774319066148
2025-10-01,660,2.5166666666666666,30.881818181818183,766,0.8616187989556136
2025-10-02,556,2.5341726618705036,30.764388489208635,635,0.8755905511811024
2025-10-03,460,2.3456521739130434,24.580434782608695,512,0.8984375
2025-10-04,475,2.3221052631578947,25.08421052631579,542,0.8763837638376384
2025-10-05,553,2.484629294755877,25.488245931283906,614,0.9006514657980456
2025-10-06,471,2.484076433121019,24.14012738853503,530,0.8886792452830189
2025-10-07,624,2.358974358974359,28.790064102564102,709,0.8801128349788434
2025-10-08,971,2.438722966014418,31.938208032955714,1075,0.9032558139534884
2025-10-09,217,2.3317972350230414,35.866359447004605,249,0.8714859437751004
2025-10-10,247,2.6072874493927127,25.02834008097166,284,0.8697183098591549
2025-10-11,298,2.5671140939597317,28.36241610738255,339,0.8790560471976401
2025-10-12,628,2.200636942675159,26.087579617834393,707,0.8882602545968883
2025-10-13,364,2.291208791208791,24.192307692307693,396,0.9191919191919192
2025-10-14,498,2.4056224899598395,32.230923694779115,568,0.8767605633802817
2025-10-15,1350,2.493333333333333,38.007407407407406,1507,0.8958195089581951
2025-10-16,133,2.218045112781955,12.864661654135338,141,0.9432624113475178
2025-10-17,148,2.2905405405405403,9.141891891891891,156,0.9487179487179487
2025-10-18,177,2.480225988700565,11.68361581920904,181,0.9779005524861878
2025-10-19,224,1.9910714285714286,5.892857142857143,232,0.9655172413793104
2025-10-20,119,1.7647058823529411,4.378151260504202,122,0.9754098360655737
2025-10-21,119,2.1596638655462184,7.420168067226891,125,0.952
2025-10-22,135,2.251851851851852,6.888888888888889,137,0.9854014598540146
2025-10-23,126,2.2301587301587302,8.484126984126984,132,0.9545454545454546
2025-10-24,98,2.479591836734694,7.5,101,0.9702970297029703
2025-10-25,272,2.2573529411764706,7.643382352941177,275,0.9890909090909091
2025-10-26,291,1.993127147766323,8.302405498281788,298,0.9765100671140939
2025-10-27,126,1.9841269841269842,7.238095238095238,127,0.9921259842519685
2025-10-28,129,2.705426356589147,15.968992248062015,130,0.9923076923076923
2025-10-29,129,1.8604651162790697,7.038759689922481,135,0.9555555555555556
2025-10-30,121,2.0991735537190084,13.041322314049587,128,0.9453125
2025-10-31,84,2.5595238095238093,7.2023809523809526,92,0.9130434782608695
2025-11-01,275,2.2618181818181817,8.58909090909091,297,0.9259259259259259
2025-11-02,266,2.3045112781954886,8.548872180451127,287,0.926829268292683
2025-11-03,141,2.5460992907801416,9.460992907801419,152,0.9276315789473685
2025-11-04,131,2.3969465648854964,7.221374045801527,145,0.903448275862069
2025-11-05,116,2.3793103448275863,9.948275862068966,120,0.9666666666666667
2025-11-06,129,2.5193798449612403,5.844961240310077,132,0.9772727272727273
2025-11-07,120,2.2333333333333334,5.65,126,0.9523809523809523
2025-11-08,334,2.245508982035928,8.404191616766466,347,0.962536023054755
2025-11-09,415,2.366265060240964,10.67710843373494,427,0.9718969555035128
2025-11-10,201,2.189054726368159,9.139303482587065,208,0.9663461538461539
2025-11-11,285,2.2035087719298247,10.417543859649124,297,0.9595959595959596
2025-11-12,2155,2.3675174013921114,10.576334106728538,2279,0.9455901711276876
2025-11-13,419,2.2124105011933173,8.410501193317423,440,0.9522727272727273
2025-11-14,332,2.325301204819277,9.966867469879517,345,0.9623188405797102
2025-11-15,636,2.0676100628930816,6.960691823899371,658,0.9665653495440729
2025-11-16,705,2.025531914893617,7.443971631205674,719,0.980528511821975
2025-11-17,321,2.143302180685358,8.713395638629283,338,0.9497041420118343
2025-11-18,343,2.0699708454810497,11.078717201166182,353,0.9716713881019831
2025-11-19,422,2.447867298578199,9.350710900473933,446,0.9461883408071748
2025-11-20,290,2.1724137931034484,12.76206896551724,324,0.8950617283950617
2025-11-21,276,2.0253623188405796,8.079710144927537,298,0.9261744966442953
2025-11-22,587,2.0596252129471893,7.459965928449744,605,0.9702479338842975
2025-11-23,746,1.9450402144772119,7.851206434316354,760,0.9815789473684211
2025-11-24,483,2.0952380952380953,8.645962732919255,501,0.9640718562874252
2025-11-25,761,2.14323258869908,9.544021024967149,781,0.9743918053777209
2025-11-26,212,2.4858490566037736,7.363207547169812,229,0.925764192139738
2025-11-27,203,2.2167487684729066,5.842364532019705,220,0.9227272727272727
2025-11-28,205,2.2243902439024392,5.214634146341464,213,0.9624413145539906
2025-11-29,436,2.1376146788990824,7.348623853211009,454,0.960352422907489
2025-11-30,539,2.070500927643785,6.979591836734694,547,0.9853747714808044
2025-12-01,274,2.0291970802919708,5.9416058394160585,288,0.9513888888888888
2025-12-02,274,2.051094890510949,6.609489051094891,289,0.9480968858131488
2025-12-03,444,2.274774774774775,6.367117117117117,465,0.9548387096774194
2025-12-04,162,2.2777777777777777,4.851851851851852,172,0.9418604651162791
2025-12-05,179,2.547486033519553,5.35754189944134,187,0.9572192513368984
2025-12-06,357,2.1064425770308124,6.448179271708684,375,0.952
2025-12-07,441,2.052154195011338,8.36734693877551,460,0.9586956521739131
2025-12-08,229,2.0829694323144103,5.816593886462882,236,0.9703389830508474
2025-12-09,190,2.5052631578947366,6.421052631578948,198,0.9595959595959596
2025-12-10,231,2.324675324675325,6.186147186147186,245,0.9428571428571428
2025-12-11,229,2.449781659388646,6.06113537117904,235,0.9744680851063829
2025-12-12,200,2.485,5.915,214,0.9345794392523364
2025-12-13,413,2.280871670702179,7.498789346246974,426,0.9694835680751174
2025-12-14,507,2.0631163708086784,7.01577909270217,519,0.976878612716763
2025-12-15,232,2.211206896551724,7.435344827586207,245,0.9469387755102041
2025-12-16,205,2.1707317073170733,5.258536585365854,220,0.9318181818181818
2025-12-17,187,2.4010695187165774,8.524064171122994,201,0.9303482587064676
2025-12-18,183,2.360655737704918,7.53551912568306,191,0.9581151832460733
2025-12-19,178,2.2808988764044944,5.191011235955056,188,0.9468085106382979
2025-12-20,360,2.075,4.352777777777778,369,0.975609756097561
2025-12-21,408,2.017156862745098,6.887254901960785,422,0.966824644549763
2025-12-22,226,2.079646017699115,5.31858407079646,237,0.9535864978902954
2025-12-23,248,2.157258064516129,7.314516129032258,255,0.9725490196078431
2025-12-24,230,2.0521739130434784,5.321739130434783,241,0.9543568464730291
2025-12-25,209,1.9043062200956937,5.6028708133971294,223,0.9372197309417041
2025-12-26,191,2.225130890052356,8.12565445026178,218,0.8761467889908257
2025-12-27,300,2.0366666666666666,4.8933333333333335,311,0.9646302250803859
2025-12-28,449,2.069042316258352,6.4832962138084635,465,0.9655913978494624
2025-12-29,265,2.29811320754717,7.7018867924528305,282,0.9397163120567376
2025-12-30,263,2.209125475285171,6.380228136882129,303,0.8679867986798679
2025-12-31,773,2.4747736093143597,10.411384217335058,908,0.8513215859030837
2026-01-01,33,2.0606060606060606,2.4242424242424243,36,0.9166666666666666
2026-01-02,64,2.28125,6.953125,67,0.9552238805970149
2026-01-03,96,2.125,4.770833333333333,100,0.96
2026-01-04,66,2.3636363636363638,5.348484848484849,73,0.9041095890410958
2026-01-05,60,2.1666666666666665,5.716666666666667,63,0.9523809523809523
2026-01-06,61,2.721311475409836,9.540983606557377,66,0.9242424242424242
2026-01-07,72,2.0833333333333335,8.23611111111111,76,0.9473684210526315
2026-01-08,118,2.288135593220339,10.991525423728813,134,0.8805970149253731
2026-01-09,131,2.6564885496183206,6.763358778625954,140,0.9357142857142857
2026-01-10,209,2.401913875598086,5.9330143540669855,215,0.9720930232558139
2026-01-11,220,2.6454545454545455,8.986363636363636,229,0.9606986899563319
2026-01-12,75,2.8,4.8533333333333335,81,0.9259259259259259
2026-01-13,101,2.1584158415841586,7.01980198019802,110,0.9181818181818182
2026-01-14,116,2.060344827586207,4.594827586206897,122,0.9508196721311475
2026-01-15,95,2.3263157894736843,4.326315789473684,101,0.9405940594059405
2026-01-16,84,2.4523809523809526,5.095238095238095,90,0.9333333333333333
2026-01-17,211,2.3649289099526065,6.331753554502369,227,0.9295154185022027
2026-01-18,221,2.4027149321266967,8.18552036199095,233,0.9484978540772532
2026-01-19,88,1.8977272727272727,4.568181818181818,96,0.9166666666666666
2026-01-20,104,2.1634615384615383,5.759615384615385,112,0.9285714285714286
2026-01-21,96,1.9895833333333333,4.166666666666667,100,0.96
2026-01-22,112,2.3125,8.375,119,0.9411764705882353
2026-01-23,80,2.2625,16.5625,90,0.8888888888888888
2026-01-24,219,2.0228310502283104,6.794520547945205,229,0.9563318777292577
2026-01-25,270,2.2074074074074073,7.614814814814815,279,0.967741935483871
2026-01-26,114,2.412280701754386,10.192982456140351,125,0.912
2026-01-27,117,2.3333333333333335,6.538461538461538,128,0.9140625
2026-01-28,111,2.036036036036036,4.1891891891891895,122,0.9098360655737705
2026-01-29,114,2.4035087719298245,3.8684210526315788,130,0.8769230769230769
2026-01-30,105,2.1809523809523808,8.876190476190477,114,0.9210526315789473
2026-01-31,201,2.373134328358209,8.626865671641792,210,0.9571428571428572
2026-02-01,194,1.8917525773195876,6.175257731958763,201,0.9651741293532339
2026-02-02,103,2.203883495145631,6.514563106796117,111,0.9279279279279279
2026-02-03,114,2.6842105263157894,7.552631578947368,123,0.926829268292683
2026-02-04,114,2.192982456140351,6.912280701754386,122,0.9344262295081968
2026-02-05,140,2.407142857142857,5.035714285714286,148,0.9459459459459459
2026-02-06,109,2.623853211009174,21.807339449541285,114,0.956140350877193
2026-02-07,229,2.1004366812227073,6.048034934497816,236,0.9703389830508474
2026-02-08,322,2.015527950310559,8.670807453416149,330,0.9757575757575757
2026-02-09,116,2.0,4.491379310344827,118,0.9830508474576272
2026-02-10,101,2.6732673267326734,6.267326732673268,106,0.9528301886792453
2026-02-11,94,1.9148936170212767,2.4468085106382977,97,0.9690721649484536
2026-02-12,96,1.96875,4.791666666666667,97,0.9896907216494846
2026-02-13,82,2.6219512195121952,7.060975609756097,85,0.9647058823529412
2026-02-14,37,2.0,8.972972972972974,37,1.0
2026-02-15,50,3.46,4.92,52,0.9615384615384616
2026-02-16,14,2.7142857142857144,3.642857142857143,15,0.9333333333333333
2026-02-17,30,2.4,3.2666666666666666,31,0.967741935483871
2026-02-18,21,2.4761904761904763,2.9523809523809526,22,0.9545454545454546
2026-02-19,28,2.3214285714285716,10.178571428571429,29,0.9655172413793104
2026-02-20,32,1.9375,23.1875,33,0.9696969696969697
2026-02-21,65,2.169230769230769,2.1384615384615384,67,0.9701492537313433
2026-02-22,86,1.755813953488372,4.988372093023256,85,1.011764705882353
2026-02-23,118,1.9830508474576272,6.0423728813559325,122,0.9672131147540983
2026-02-24,110,2.5636363636363635,8.863636363636363,118,0.9322033898305084
2026-02-25,102,2.5392156862745097,4.117647058823529,107,0.9532710280373832
2026-02-26,108,1.8981481481481481,5.074074074074074,114,0.9473684210526315
2026-02-27,119,2.0,6.1344537815126055,128,0.9296875
2026-02-28,105,2.066666666666667,4.40952380952381,107,0.9813084112149533
2026-03-01,275,2.109090909090909,3.610909090909091,281,0.9786476868327402
2026-03-02,98,2.4183673469387754,9.03061224489796,100,0.98
2026-03-03,113,2.2920353982300883,3.185840707964602,117,0.9658119658119658
2026-03-04,122,2.221311475409836,10.147540983606557,126,0.9682539682539683
2026-03-05,120,2.033333333333333,3.95,125,0.96
2026-03-06,110,1.8727272727272728,5.7727272727272725,112,0.9821428571428571
2026-03-07,284,1.9612676056338028,7.133802816901408,287,0.9895470383275261
2026-03-08,351,2.1225071225071224,4.897435897435898,355,0.9887323943661972
2026-03-09,137,2.1751824817518246,10.291970802919709,139,0.9856115107913669
2026-03-10,144,2.2708333333333335,5.930555555555555,148,0.972972972972973
